session,season,team,value
1,F,中信兄弟,2
2,F,中信兄弟,3
3,F,中信兄弟,3
4,F,中信兄弟,3
5,F,中信兄弟,4
6,F,中信兄弟,5
7,F,中信兄弟,5
8,F,中信兄弟,5
9,F,中信兄弟,5
10,F,中信兄弟,5
11,F,中信兄弟,5
12,F,中信兄弟,5
13,F,中信兄弟,5
14,F,中信兄弟,4
15,F,中信兄弟,4
16,F,中信兄弟,5
17,F,中信兄弟,5
18,F,中信兄弟,4
19,F,中信兄弟,3
20,F,中信兄弟,3
21,F,中信兄弟,3
22,F,中信兄弟,2
23,F,中信兄弟,2
24,F,中信兄弟,2
25,F,中信兄弟,3
26,F,中信兄弟,4
27,F,中信兄弟,5
28,F,中信兄弟,5
29,F,中信兄弟,5
30,F,中信兄弟,5
31,F,中信兄弟,5
32,F,中信兄弟,5
33,F,中信兄弟,5
34,F,中信兄弟,5
35,F,中信兄弟,5
36,F,中信兄弟,5
37,F,中信兄弟,5
38,F,中信兄弟,5
39,F,中信兄弟,5
40,F,中信兄弟,5
41,F,中信兄弟,5
42,F,中信兄弟,5
43,F,中信兄弟,5
44,F,中信兄弟,5
45,F,中信兄弟,5
46,F,中信兄弟,5
47,F,中信兄弟,5
48,F,中信兄弟,5
49,F,中信兄弟,5
50,F,中信兄弟,5
51,F,中信兄弟,5
52,F,中信兄弟,5
53,F,中信兄弟,5
54,F,中信兄弟,5
55,F,中信兄弟,5
56,F,中信兄弟,5
57,F,中信兄弟,5
58,F,中信兄弟,5
59,F,中信兄弟,5
60,F,中信兄弟,5
61,F,中信兄弟,5
62,F,中信兄弟,5
63,F,中信兄弟,5
64,F,中信兄弟,5
65,F,中信兄弟,5
66,F,中信兄弟,5
67,F,中信兄弟,5
68,F,中信兄弟,5
69,F,中信兄弟,5
70,F,中信兄弟,5
71,F,中信兄弟,4
72,F,中信兄弟,4
73,F,中信兄弟,4
74,F,中信兄弟,5
75,F,中信兄弟,5
76,F,中信兄弟,4
77,F,中信兄弟,4
78,F,中信兄弟,4
79,F,中信兄弟,4
80,F,中信兄弟,4
81,F,中信兄弟,4
82,F,中信兄弟,4
83,F,中信兄弟,4
84,F,中信兄弟,4
85,F,中信兄弟,4
86,F,中信兄弟,4
87,F,中信兄弟,4
88,F,中信兄弟,4
89,F,中信兄弟,4
90,F,中信兄弟,4
91,F,中信兄弟,4
92,F,中信兄弟,4
93,F,中信兄弟,4
94,F,中信兄弟,4
95,F,中信兄弟,4
96,F,中信兄弟,4
97,F,中信兄弟,5
98,F,中信兄弟,4
99,F,中信兄弟,4
100,F,中信兄弟,4
101,F,中信兄弟,5
102,F,中信兄弟,5
103,F,中信兄弟,5
104,F,中信兄弟,5
105,F,中信兄弟,5
106,F,中信兄弟,5
107,F,中信兄弟,5
108,F,中信兄弟,5
109,F,中信兄弟,5
110,F,中信兄弟,5
111,F,中信兄弟,5
112,F,中信兄弟,5
113,F,中信兄弟,5
114,F,中信兄弟,5
115,F,中信兄弟,5
116,F,中信兄弟,5
117,F,中信兄弟,4
118,F,中信兄弟,4
119,F,中信兄弟,4
120,F,中信兄弟,3
121,F,中信兄弟,3
122,F,中信兄弟,3
123,F,中信兄弟,3
124,F,中信兄弟,4
125,F,中信兄弟,3
126,F,中信兄弟,3
127,F,中信兄弟,4
128,F,中信兄弟,4
129,F,中信兄弟,4
130,F,中信兄弟,4
131,F,中信兄弟,3
132,F,中信兄弟,3
133,F,中信兄弟,4
134,F,中信兄弟,4
135,F,中信兄弟,3
136,F,中信兄弟,3
137,F,中信兄弟,3
138,F,中信兄弟,3
139,F,中信兄弟,3
140,F,中信兄弟,3
141,F,中信兄弟,2
142,F,中信兄弟,3
143,F,中信兄弟,3
144,F,中信兄弟,2
145,F,中信兄弟,2
146,F,中信兄弟,3
147,F,中信兄弟,3
148,F,中信兄弟,3
149,F,中信兄弟,3
150,F,中信兄弟,4
151,S,中信兄弟,2
152,S,中信兄弟,3
153,S,中信兄弟,4
154,S,中信兄弟,5
155,S,中信兄弟,5
156,S,中信兄弟,5
157,S,中信兄弟,5
158,S,中信兄弟,5
159,S,中信兄弟,5
160,S,中信兄弟,5
161,S,中信兄弟,4
162,S,中信兄弟,4
163,S,中信兄弟,4
164,S,中信兄弟,4
165,S,中信兄弟,5
166,S,中信兄弟,5
167,S,中信兄弟,5
168,S,中信兄弟,5
169,S,中信兄弟,5
170,S,中信兄弟,5
171,S,中信兄弟,5
172,S,中信兄弟,5
173,S,中信兄弟,5
174,S,中信兄弟,4
175,S,中信兄弟,4
176,S,中信兄弟,4
177,S,中信兄弟,5
178,S,中信兄弟,2
179,S,中信兄弟,2
180,S,中信兄弟,2
181,S,中信兄弟,2
182,S,中信兄弟,2
183,S,中信兄弟,2
184,S,中信兄弟,3
185,S,中信兄弟,2
186,S,中信兄弟,2
187,S,中信兄弟,2
188,S,中信兄弟,2
189,S,中信兄弟,2
190,S,中信兄弟,2
191,S,中信兄弟,2
192,S,中信兄弟,2
193,S,中信兄弟,1
194,S,中信兄弟,1
195,S,中信兄弟,2
196,S,中信兄弟,2
197,S,中信兄弟,1
198,S,中信兄弟,1
199,S,中信兄弟,1
200,S,中信兄弟,2
201,S,中信兄弟,2
202,S,中信兄弟,3
203,S,中信兄弟,3
204,S,中信兄弟,3
205,S,中信兄弟,3
206,S,中信兄弟,3
207,S,中信兄弟,3
208,S,中信兄弟,2
209,S,中信兄弟,2
210,S,中信兄弟,2
211,S,中信兄弟,3
212,S,中信兄弟,3
213,S,中信兄弟,2
214,S,中信兄弟,3
215,S,中信兄弟,2
216,S,中信兄弟,2
217,S,中信兄弟,2
218,S,中信兄弟,2
219,S,中信兄弟,2
220,S,中信兄弟,2
221,S,中信兄弟,3
222,S,中信兄弟,2
223,S,中信兄弟,2
224,S,中信兄弟,2
225,S,中信兄弟,1
226,S,中信兄弟,4
227,S,中信兄弟,4
228,S,中信兄弟,4
229,S,中信兄弟,4
230,S,中信兄弟,3
231,S,中信兄弟,4
232,S,中信兄弟,3
233,S,中信兄弟,2
234,S,中信兄弟,4
235,S,中信兄弟,3
236,S,中信兄弟,3
237,S,中信兄弟,3
238,S,中信兄弟,2
239,S,中信兄弟,3
240,S,中信兄弟,4
241,S,中信兄弟,3
242,S,中信兄弟,4
243,S,中信兄弟,4
244,S,中信兄弟,4
245,S,中信兄弟,4
246,S,中信兄弟,4
247,S,中信兄弟,3
248,S,中信兄弟,3
249,S,中信兄弟,4
250,S,中信兄弟,4
251,S,中信兄弟,4
252,S,中信兄弟,4
253,S,中信兄弟,3
254,S,中信兄弟,4
255,S,中信兄弟,2
256,S,中信兄弟,1
257,S,中信兄弟,4
258,S,中信兄弟,3
259,S,中信兄弟,3
260,S,中信兄弟,3
261,S,中信兄弟,3
262,S,中信兄弟,3
263,S,中信兄弟,3
264,S,中信兄弟,3
265,S,中信兄弟,3
266,S,中信兄弟,3
267,S,中信兄弟,3
268,S,中信兄弟,3
269,S,中信兄弟,3
270,S,中信兄弟,3
271,S,中信兄弟,3
272,S,中信兄弟,3
273,S,中信兄弟,3
274,S,中信兄弟,3
275,S,中信兄弟,3
276,S,中信兄弟,3
277,S,中信兄弟,3
278,S,中信兄弟,3
279,S,中信兄弟,3
280,S,中信兄弟,3
281,S,中信兄弟,3
282,S,中信兄弟,3
283,S,中信兄弟,4
284,S,中信兄弟,4
285,S,中信兄弟,3
286,S,中信兄弟,3
287,S,中信兄弟,4
288,S,中信兄弟,4
289,S,中信兄弟,5
290,S,中信兄弟,5
291,S,中信兄弟,5
292,S,中信兄弟,5
293,S,中信兄弟,5
294,S,中信兄弟,5
295,S,中信兄弟,4
296,S,中信兄弟,4
297,S,中信兄弟,4
298,S,中信兄弟,3
299,S,中信兄弟,3
300,S,中信兄弟,3
1,A,中信兄弟,2
2,A,中信兄弟,3
3,A,中信兄弟,3
4,A,中信兄弟,3
5,A,中信兄弟,4
6,A,中信兄弟,5
7,A,中信兄弟,5
8,A,中信兄弟,5
9,A,中信兄弟,5
10,A,中信兄弟,5
11,A,中信兄弟,5
12,A,中信兄弟,5
13,A,中信兄弟,5
14,A,中信兄弟,4
15,A,中信兄弟,4
16,A,中信兄弟,5
17,A,中信兄弟,5
18,A,中信兄弟,4
19,A,中信兄弟,3
20,A,中信兄弟,3
21,A,中信兄弟,3
22,A,中信兄弟,2
23,A,中信兄弟,2
24,A,中信兄弟,2
25,A,中信兄弟,3
26,A,中信兄弟,4
27,A,中信兄弟,5
28,A,中信兄弟,5
29,A,中信兄弟,5
30,A,中信兄弟,5
31,A,中信兄弟,5
32,A,中信兄弟,5
33,A,中信兄弟,5
34,A,中信兄弟,5
35,A,中信兄弟,5
36,A,中信兄弟,5
37,A,中信兄弟,5
38,A,中信兄弟,5
39,A,中信兄弟,5
40,A,中信兄弟,5
41,A,中信兄弟,5
42,A,中信兄弟,5
43,A,中信兄弟,5
44,A,中信兄弟,5
45,A,中信兄弟,5
46,A,中信兄弟,5
47,A,中信兄弟,5
48,A,中信兄弟,5
49,A,中信兄弟,5
50,A,中信兄弟,5
51,A,中信兄弟,5
52,A,中信兄弟,5
53,A,中信兄弟,5
54,A,中信兄弟,5
55,A,中信兄弟,5
56,A,中信兄弟,5
57,A,中信兄弟,5
58,A,中信兄弟,5
59,A,中信兄弟,5
60,A,中信兄弟,5
61,A,中信兄弟,5
62,A,中信兄弟,5
63,A,中信兄弟,5
64,A,中信兄弟,5
65,A,中信兄弟,5
66,A,中信兄弟,5
67,A,中信兄弟,5
68,A,中信兄弟,5
69,A,中信兄弟,5
70,A,中信兄弟,5
71,A,中信兄弟,4
72,A,中信兄弟,4
73,A,中信兄弟,4
74,A,中信兄弟,5
75,A,中信兄弟,5
76,A,中信兄弟,4
77,A,中信兄弟,4
78,A,中信兄弟,4
79,A,中信兄弟,4
80,A,中信兄弟,4
81,A,中信兄弟,4
82,A,中信兄弟,4
83,A,中信兄弟,4
84,A,中信兄弟,4
85,A,中信兄弟,4
86,A,中信兄弟,4
87,A,中信兄弟,4
88,A,中信兄弟,4
89,A,中信兄弟,4
90,A,中信兄弟,4
91,A,中信兄弟,4
92,A,中信兄弟,4
93,A,中信兄弟,4
94,A,中信兄弟,4
95,A,中信兄弟,4
96,A,中信兄弟,4
97,A,中信兄弟,5
98,A,中信兄弟,4
99,A,中信兄弟,4
100,A,中信兄弟,4
101,A,中信兄弟,5
102,A,中信兄弟,5
103,A,中信兄弟,5
104,A,中信兄弟,5
105,A,中信兄弟,5
106,A,中信兄弟,5
107,A,中信兄弟,5
108,A,中信兄弟,5
109,A,中信兄弟,5
110,A,中信兄弟,5
111,A,中信兄弟,5
112,A,中信兄弟,5
113,A,中信兄弟,5
114,A,中信兄弟,5
115,A,中信兄弟,5
116,A,中信兄弟,5
117,A,中信兄弟,4
118,A,中信兄弟,4
119,A,中信兄弟,4
120,A,中信兄弟,3
121,A,中信兄弟,3
122,A,中信兄弟,3
123,A,中信兄弟,3
124,A,中信兄弟,4
125,A,中信兄弟,3
126,A,中信兄弟,3
127,A,中信兄弟,4
128,A,中信兄弟,4
129,A,中信兄弟,4
130,A,中信兄弟,4
131,A,中信兄弟,3
132,A,中信兄弟,3
133,A,中信兄弟,4
134,A,中信兄弟,4
135,A,中信兄弟,3
136,A,中信兄弟,3
137,A,中信兄弟,3
138,A,中信兄弟,3
139,A,中信兄弟,3
140,A,中信兄弟,3
141,A,中信兄弟,2
142,A,中信兄弟,3
143,A,中信兄弟,3
144,A,中信兄弟,2
145,A,中信兄弟,2
146,A,中信兄弟,3
147,A,中信兄弟,3
148,A,中信兄弟,3
149,A,中信兄弟,3
150,A,中信兄弟,4
151,A,中信兄弟,4
152,A,中信兄弟,4
153,A,中信兄弟,4
154,A,中信兄弟,4
155,A,中信兄弟,4
156,A,中信兄弟,4
157,A,中信兄弟,4
158,A,中信兄弟,4
159,A,中信兄弟,4
160,A,中信兄弟,4
161,A,中信兄弟,3
162,A,中信兄弟,3
163,A,中信兄弟,3
164,A,中信兄弟,4
165,A,中信兄弟,4
166,A,中信兄弟,4
167,A,中信兄弟,4
168,A,中信兄弟,4
169,A,中信兄弟,4
170,A,中信兄弟,4
171,A,中信兄弟,4
172,A,中信兄弟,4
173,A,中信兄弟,4
174,A,中信兄弟,3
175,A,中信兄弟,3
176,A,中信兄弟,4
177,A,中信兄弟,4
178,A,中信兄弟,4
179,A,中信兄弟,4
180,A,中信兄弟,3
181,A,中信兄弟,4
182,A,中信兄弟,3
183,A,中信兄弟,3
184,A,中信兄弟,4
185,A,中信兄弟,4
186,A,中信兄弟,4
187,A,中信兄弟,4
188,A,中信兄弟,3
189,A,中信兄弟,3
190,A,中信兄弟,3
191,A,中信兄弟,3
192,A,中信兄弟,3
193,A,中信兄弟,3
194,A,中信兄弟,3
195,A,中信兄弟,4
196,A,中信兄弟,4
197,A,中信兄弟,3
198,A,中信兄弟,3
199,A,中信兄弟,3
200,A,中信兄弟,4
201,A,中信兄弟,4
202,A,中信兄弟,4
203,A,中信兄弟,4
204,A,中信兄弟,4
205,A,中信兄弟,4
206,A,中信兄弟,4
207,A,中信兄弟,4
208,A,中信兄弟,3
209,A,中信兄弟,3
210,A,中信兄弟,4
211,A,中信兄弟,4
212,A,中信兄弟,4
213,A,中信兄弟,4
214,A,中信兄弟,4
215,A,中信兄弟,3
216,A,中信兄弟,3
217,A,中信兄弟,3
218,A,中信兄弟,3
219,A,中信兄弟,3
220,A,中信兄弟,4
221,A,中信兄弟,4
222,A,中信兄弟,3
223,A,中信兄弟,3
224,A,中信兄弟,3
225,A,中信兄弟,4
226,A,中信兄弟,4
227,A,中信兄弟,3
228,A,中信兄弟,4
229,A,中信兄弟,4
230,A,中信兄弟,4
231,A,中信兄弟,3
232,A,中信兄弟,3
233,A,中信兄弟,4
234,A,中信兄弟,4
235,A,中信兄弟,4
236,A,中信兄弟,4
237,A,中信兄弟,4
238,A,中信兄弟,4
239,A,中信兄弟,4
240,A,中信兄弟,4
241,A,中信兄弟,3
242,A,中信兄弟,3
243,A,中信兄弟,4
244,A,中信兄弟,4
245,A,中信兄弟,4
246,A,中信兄弟,4
247,A,中信兄弟,4
248,A,中信兄弟,4
249,A,中信兄弟,4
250,A,中信兄弟,4
251,A,中信兄弟,4
252,A,中信兄弟,4
253,A,中信兄弟,4
254,A,中信兄弟,4
255,A,中信兄弟,3
256,A,中信兄弟,3
257,A,中信兄弟,4
258,A,中信兄弟,4
259,A,中信兄弟,4
260,A,中信兄弟,4
261,A,中信兄弟,4
262,A,中信兄弟,4
263,A,中信兄弟,4
264,A,中信兄弟,4
265,A,中信兄弟,4
266,A,中信兄弟,4
267,A,中信兄弟,4
268,A,中信兄弟,4
269,A,中信兄弟,4
270,A,中信兄弟,4
271,A,中信兄弟,4
272,A,中信兄弟,4
273,A,中信兄弟,4
274,A,中信兄弟,4
275,A,中信兄弟,4
276,A,中信兄弟,4
277,A,中信兄弟,4
278,A,中信兄弟,4
279,A,中信兄弟,4
280,A,中信兄弟,4
281,A,中信兄弟,4
282,A,中信兄弟,4
283,A,中信兄弟,4
284,A,中信兄弟,4
285,A,中信兄弟,4
286,A,中信兄弟,4
287,A,中信兄弟,4
288,A,中信兄弟,4
289,A,中信兄弟,4
290,A,中信兄弟,4
291,A,中信兄弟,4
292,A,中信兄弟,4
293,A,中信兄弟,4
294,A,中信兄弟,4
295,A,中信兄弟,4
296,A,中信兄弟,4
297,A,中信兄弟,4
298,A,中信兄弟,4
299,A,中信兄弟,4
300,A,中信兄弟,4
1,F,樂天桃猿,1
2,F,樂天桃猿,1
3,F,樂天桃猿,1
4,F,樂天桃猿,1
5,F,樂天桃猿,1
6,F,樂天桃猿,1
7,F,樂天桃猿,1
8,F,樂天桃猿,1
9,F,樂天桃猿,1
10,F,樂天桃猿,1
11,F,樂天桃猿,1
12,F,樂天桃猿,1
13,F,樂天桃猿,1
14,F,樂天桃猿,1
15,F,樂天桃猿,1
16,F,樂天桃猿,1
17,F,樂天桃猿,1
18,F,樂天桃猿,1
19,F,樂天桃猿,1
20,F,樂天桃猿,1
21,F,樂天桃猿,1
22,F,樂天桃猿,1
23,F,樂天桃猿,1
24,F,樂天桃猿,1
25,F,樂天桃猿,1
26,F,樂天桃猿,1
27,F,樂天桃猿,1
28,F,樂天桃猿,1
29,F,樂天桃猿,1
30,F,樂天桃猿,1
31,F,樂天桃猿,1
32,F,樂天桃猿,1
33,F,樂天桃猿,1
34,F,樂天桃猿,1
35,F,樂天桃猿,1
36,F,樂天桃猿,2
37,F,樂天桃猿,3
38,F,樂天桃猿,1
39,F,樂天桃猿,2
40,F,樂天桃猿,1
41,F,樂天桃猿,1
42,F,樂天桃猿,1
43,F,樂天桃猿,2
44,F,樂天桃猿,1
45,F,樂天桃猿,1
46,F,樂天桃猿,1
47,F,樂天桃猿,1
48,F,樂天桃猿,1
49,F,樂天桃猿,1
50,F,樂天桃猿,1
51,F,樂天桃猿,1
52,F,樂天桃猿,1
53,F,樂天桃猿,1
54,F,樂天桃猿,1
55,F,樂天桃猿,1
56,F,樂天桃猿,1
57,F,樂天桃猿,1
58,F,樂天桃猿,1
59,F,樂天桃猿,1
60,F,樂天桃猿,1
61,F,樂天桃猿,1
62,F,樂天桃猿,2
63,F,樂天桃猿,2
64,F,樂天桃猿,2
65,F,樂天桃猿,2
66,F,樂天桃猿,2
67,F,樂天桃猿,3
68,F,樂天桃猿,3
69,F,樂天桃猿,2
70,F,樂天桃猿,2
71,F,樂天桃猿,2
72,F,樂天桃猿,1
73,F,樂天桃猿,1
74,F,樂天桃猿,1
75,F,樂天桃猿,1
76,F,樂天桃猿,1
77,F,樂天桃猿,1
78,F,樂天桃猿,1
79,F,樂天桃猿,1
80,F,樂天桃猿,1
81,F,樂天桃猿,1
82,F,樂天桃猿,1
83,F,樂天桃猿,1
84,F,樂天桃猿,1
85,F,樂天桃猿,1
86,F,樂天桃猿,1
87,F,樂天桃猿,1
88,F,樂天桃猿,1
89,F,樂天桃猿,1
90,F,樂天桃猿,1
91,F,樂天桃猿,2
92,F,樂天桃猿,2
93,F,樂天桃猿,2
94,F,樂天桃猿,2
95,F,樂天桃猿,2
96,F,樂天桃猿,2
97,F,樂天桃猿,2
98,F,樂天桃猿,2
99,F,樂天桃猿,2
100,F,樂天桃猿,2
101,F,樂天桃猿,2
102,F,樂天桃猿,2
103,F,樂天桃猿,2
104,F,樂天桃猿,3
105,F,樂天桃猿,3
106,F,樂天桃猿,3
107,F,樂天桃猿,2
108,F,樂天桃猿,3
109,F,樂天桃猿,3
110,F,樂天桃猿,2
111,F,樂天桃猿,2
112,F,樂天桃猿,3
113,F,樂天桃猿,3
114,F,樂天桃猿,3
115,F,樂天桃猿,3
116,F,樂天桃猿,3
117,F,樂天桃猿,3
118,F,樂天桃猿,3
119,F,樂天桃猿,3
120,F,樂天桃猿,4
121,F,樂天桃猿,4
122,F,樂天桃猿,4
123,F,樂天桃猿,3
124,F,樂天桃猿,3
125,F,樂天桃猿,3
126,F,樂天桃猿,4
127,F,樂天桃猿,3
128,F,樂天桃猿,3
129,F,樂天桃猿,3
130,F,樂天桃猿,3
131,F,樂天桃猿,3
132,F,樂天桃猿,3
133,F,樂天桃猿,2
134,F,樂天桃猿,3
135,F,樂天桃猿,3
136,F,樂天桃猿,4
137,F,樂天桃猿,3
138,F,樂天桃猿,4
139,F,樂天桃猿,4
140,F,樂天桃猿,4
141,F,樂天桃猿,4
142,F,樂天桃猿,4
143,F,樂天桃猿,4
144,F,樂天桃猿,4
145,F,樂天桃猿,4
146,F,樂天桃猿,4
147,F,樂天桃猿,4
148,F,樂天桃猿,4
149,F,樂天桃猿,3
150,F,樂天桃猿,3
151,S,樂天桃猿,1
152,S,樂天桃猿,1
153,S,樂天桃猿,3
154,S,樂天桃猿,2
155,S,樂天桃猿,2
156,S,樂天桃猿,3
157,S,樂天桃猿,3
158,S,樂天桃猿,4
159,S,樂天桃猿,4
160,S,樂天桃猿,4
161,S,樂天桃猿,5
162,S,樂天桃猿,5
163,S,樂天桃猿,5
164,S,樂天桃猿,4
165,S,樂天桃猿,4
166,S,樂天桃猿,3
167,S,樂天桃猿,3
168,S,樂天桃猿,4
169,S,樂天桃猿,4
170,S,樂天桃猿,4
171,S,樂天桃猿,4
172,S,樂天桃猿,4
173,S,樂天桃猿,4
174,S,樂天桃猿,5
175,S,樂天桃猿,5
176,S,樂天桃猿,4
177,S,樂天桃猿,3
178,S,樂天桃猿,2
179,S,樂天桃猿,2
180,S,樂天桃猿,3
181,S,樂天桃猿,2
182,S,樂天桃猿,3
183,S,樂天桃猿,2
184,S,樂天桃猿,2
185,S,樂天桃猿,2
186,S,樂天桃猿,2
187,S,樂天桃猿,2
188,S,樂天桃猿,3
189,S,樂天桃猿,3
190,S,樂天桃猿,3
191,S,樂天桃猿,3
192,S,樂天桃猿,3
193,S,樂天桃猿,3
194,S,樂天桃猿,2
195,S,樂天桃猿,2
196,S,樂天桃猿,2
197,S,樂天桃猿,2
198,S,樂天桃猿,3
199,S,樂天桃猿,3
200,S,樂天桃猿,2
201,S,樂天桃猿,2
202,S,樂天桃猿,2
203,S,樂天桃猿,2
204,S,樂天桃猿,2
205,S,樂天桃猿,2
206,S,樂天桃猿,2
207,S,樂天桃猿,2
208,S,樂天桃猿,2
209,S,樂天桃猿,3
210,S,樂天桃猿,2
211,S,樂天桃猿,2
212,S,樂天桃猿,2
213,S,樂天桃猿,2
214,S,樂天桃猿,2
215,S,樂天桃猿,2
216,S,樂天桃猿,3
217,S,樂天桃猿,3
218,S,樂天桃猿,3
219,S,樂天桃猿,4
220,S,樂天桃猿,2
221,S,樂天桃猿,3
222,S,樂天桃猿,4
223,S,樂天桃猿,2
224,S,樂天桃猿,3
225,S,樂天桃猿,1
226,S,樂天桃猿,1
227,S,樂天桃猿,1
228,S,樂天桃猿,1
229,S,樂天桃猿,1
230,S,樂天桃猿,1
231,S,樂天桃猿,1
232,S,樂天桃猿,1
233,S,樂天桃猿,1
234,S,樂天桃猿,1
235,S,樂天桃猿,1
236,S,樂天桃猿,1
237,S,樂天桃猿,1
238,S,樂天桃猿,1
239,S,樂天桃猿,1
240,S,樂天桃猿,1
241,S,樂天桃猿,1
242,S,樂天桃猿,1
243,S,樂天桃猿,1
244,S,樂天桃猿,1
245,S,樂天桃猿,1
246,S,樂天桃猿,1
247,S,樂天桃猿,1
248,S,樂天桃猿,1
249,S,樂天桃猿,1
250,S,樂天桃猿,1
251,S,樂天桃猿,1
252,S,樂天桃猿,1
253,S,樂天桃猿,1
254,S,樂天桃猿,1
255,S,樂天桃猿,2
256,S,樂天桃猿,1
257,S,樂天桃猿,1
258,S,樂天桃猿,1
259,S,樂天桃猿,2
260,S,樂天桃猿,1
261,S,樂天桃猿,1
262,S,樂天桃猿,1
263,S,樂天桃猿,2
264,S,樂天桃猿,2
265,S,樂天桃猿,1
266,S,樂天桃猿,1
267,S,樂天桃猿,1
268,S,樂天桃猿,1
269,S,樂天桃猿,1
270,S,樂天桃猿,1
271,S,樂天桃猿,1
272,S,樂天桃猿,1
273,S,樂天桃猿,1
274,S,樂天桃猿,2
275,S,樂天桃猿,1
276,S,樂天桃猿,1
277,S,樂天桃猿,1
278,S,樂天桃猿,1
279,S,樂天桃猿,1
280,S,樂天桃猿,1
281,S,樂天桃猿,2
282,S,樂天桃猿,2
283,S,樂天桃猿,2
284,S,樂天桃猿,2
285,S,樂天桃猿,2
286,S,樂天桃猿,2
287,S,樂天桃猿,2
288,S,樂天桃猿,1
289,S,樂天桃猿,1
290,S,樂天桃猿,2
291,S,樂天桃猿,2
292,S,樂天桃猿,2
293,S,樂天桃猿,2
294,S,樂天桃猿,2
295,S,樂天桃猿,2
296,S,樂天桃猿,2
297,S,樂天桃猿,2
298,S,樂天桃猿,2
299,S,樂天桃猿,2
300,S,樂天桃猿,2
1,A,樂天桃猿,1
2,A,樂天桃猿,1
3,A,樂天桃猿,1
4,A,樂天桃猿,1
5,A,樂天桃猿,1
6,A,樂天桃猿,1
7,A,樂天桃猿,1
8,A,樂天桃猿,1
9,A,樂天桃猿,1
10,A,樂天桃猿,1
11,A,樂天桃猿,1
12,A,樂天桃猿,1
13,A,樂天桃猿,1
14,A,樂天桃猿,1
15,A,樂天桃猿,1
16,A,樂天桃猿,1
17,A,樂天桃猿,1
18,A,樂天桃猿,1
19,A,樂天桃猿,1
20,A,樂天桃猿,1
21,A,樂天桃猿,1
22,A,樂天桃猿,1
23,A,樂天桃猿,1
24,A,樂天桃猿,1
25,A,樂天桃猿,1
26,A,樂天桃猿,1
27,A,樂天桃猿,1
28,A,樂天桃猿,1
29,A,樂天桃猿,1
30,A,樂天桃猿,1
31,A,樂天桃猿,1
32,A,樂天桃猿,1
33,A,樂天桃猿,1
34,A,樂天桃猿,1
35,A,樂天桃猿,1
36,A,樂天桃猿,2
37,A,樂天桃猿,3
38,A,樂天桃猿,1
39,A,樂天桃猿,2
40,A,樂天桃猿,1
41,A,樂天桃猿,1
42,A,樂天桃猿,1
43,A,樂天桃猿,2
44,A,樂天桃猿,1
45,A,樂天桃猿,1
46,A,樂天桃猿,1
47,A,樂天桃猿,1
48,A,樂天桃猿,1
49,A,樂天桃猿,1
50,A,樂天桃猿,1
51,A,樂天桃猿,1
52,A,樂天桃猿,1
53,A,樂天桃猿,1
54,A,樂天桃猿,1
55,A,樂天桃猿,1
56,A,樂天桃猿,1
57,A,樂天桃猿,1
58,A,樂天桃猿,1
59,A,樂天桃猿,1
60,A,樂天桃猿,1
61,A,樂天桃猿,1
62,A,樂天桃猿,2
63,A,樂天桃猿,2
64,A,樂天桃猿,2
65,A,樂天桃猿,2
66,A,樂天桃猿,2
67,A,樂天桃猿,3
68,A,樂天桃猿,3
69,A,樂天桃猿,2
70,A,樂天桃猿,2
71,A,樂天桃猿,2
72,A,樂天桃猿,1
73,A,樂天桃猿,1
74,A,樂天桃猿,1
75,A,樂天桃猿,1
76,A,樂天桃猿,1
77,A,樂天桃猿,1
78,A,樂天桃猿,1
79,A,樂天桃猿,1
80,A,樂天桃猿,1
81,A,樂天桃猿,1
82,A,樂天桃猿,1
83,A,樂天桃猿,1
84,A,樂天桃猿,1
85,A,樂天桃猿,1
86,A,樂天桃猿,1
87,A,樂天桃猿,1
88,A,樂天桃猿,1
89,A,樂天桃猿,1
90,A,樂天桃猿,1
91,A,樂天桃猿,2
92,A,樂天桃猿,2
93,A,樂天桃猿,2
94,A,樂天桃猿,2
95,A,樂天桃猿,2
96,A,樂天桃猿,2
97,A,樂天桃猿,2
98,A,樂天桃猿,2
99,A,樂天桃猿,2
100,A,樂天桃猿,2
101,A,樂天桃猿,2
102,A,樂天桃猿,2
103,A,樂天桃猿,2
104,A,樂天桃猿,3
105,A,樂天桃猿,3
106,A,樂天桃猿,3
107,A,樂天桃猿,2
108,A,樂天桃猿,3
109,A,樂天桃猿,3
110,A,樂天桃猿,2
111,A,樂天桃猿,2
112,A,樂天桃猿,3
113,A,樂天桃猿,3
114,A,樂天桃猿,3
115,A,樂天桃猿,3
116,A,樂天桃猿,3
117,A,樂天桃猿,3
118,A,樂天桃猿,3
119,A,樂天桃猿,3
120,A,樂天桃猿,4
121,A,樂天桃猿,4
122,A,樂天桃猿,4
123,A,樂天桃猿,3
124,A,樂天桃猿,3
125,A,樂天桃猿,3
126,A,樂天桃猿,4
127,A,樂天桃猿,3
128,A,樂天桃猿,3
129,A,樂天桃猿,3
130,A,樂天桃猿,3
131,A,樂天桃猿,3
132,A,樂天桃猿,3
133,A,樂天桃猿,2
134,A,樂天桃猿,3
135,A,樂天桃猿,3
136,A,樂天桃猿,4
137,A,樂天桃猿,3
138,A,樂天桃猿,4
139,A,樂天桃猿,4
140,A,樂天桃猿,4
141,A,樂天桃猿,4
142,A,樂天桃猿,4
143,A,樂天桃猿,4
144,A,樂天桃猿,4
145,A,樂天桃猿,4
146,A,樂天桃猿,4
147,A,樂天桃猿,4
148,A,樂天桃猿,4
149,A,樂天桃猿,3
150,A,樂天桃猿,3
151,A,樂天桃猿,3
152,A,樂天桃猿,3
153,A,樂天桃猿,3
154,A,樂天桃猿,3
155,A,樂天桃猿,3
156,A,樂天桃猿,3
157,A,樂天桃猿,3
158,A,樂天桃猿,3
159,A,樂天桃猿,3
160,A,樂天桃猿,3
161,A,樂天桃猿,3
162,A,樂天桃猿,3
163,A,樂天桃猿,3
164,A,樂天桃猿,3
165,A,樂天桃猿,3
166,A,樂天桃猿,3
167,A,樂天桃猿,3
168,A,樂天桃猿,3
169,A,樂天桃猿,3
170,A,樂天桃猿,3
171,A,樂天桃猿,3
172,A,樂天桃猿,3
173,A,樂天桃猿,3
174,A,樂天桃猿,3
175,A,樂天桃猿,3
176,A,樂天桃猿,3
177,A,樂天桃猿,3
178,A,樂天桃猿,3
179,A,樂天桃猿,3
180,A,樂天桃猿,3
181,A,樂天桃猿,3
182,A,樂天桃猿,3
183,A,樂天桃猿,3
184,A,樂天桃猿,3
185,A,樂天桃猿,3
186,A,樂天桃猿,3
187,A,樂天桃猿,3
188,A,樂天桃猿,4
189,A,樂天桃猿,4
190,A,樂天桃猿,3
191,A,樂天桃猿,3
192,A,樂天桃猿,3
193,A,樂天桃猿,4
194,A,樂天桃猿,3
195,A,樂天桃猿,3
196,A,樂天桃猿,3
197,A,樂天桃猿,3
198,A,樂天桃猿,4
199,A,樂天桃猿,4
200,A,樂天桃猿,3
201,A,樂天桃猿,3
202,A,樂天桃猿,3
203,A,樂天桃猿,2
204,A,樂天桃猿,3
205,A,樂天桃猿,3
206,A,樂天桃猿,3
207,A,樂天桃猿,3
208,A,樂天桃猿,3
209,A,樂天桃猿,3
210,A,樂天桃猿,3
211,A,樂天桃猿,3
212,A,樂天桃猿,3
213,A,樂天桃猿,3
214,A,樂天桃猿,3
215,A,樂天桃猿,3
216,A,樂天桃猿,3
217,A,樂天桃猿,3
218,A,樂天桃猿,4
219,A,樂天桃猿,4
220,A,樂天桃猿,3
221,A,樂天桃猿,3
222,A,樂天桃猿,3
223,A,樂天桃猿,3
224,A,樂天桃猿,3
225,A,樂天桃猿,2
226,A,樂天桃猿,2
227,A,樂天桃猿,2
228,A,樂天桃猿,2
229,A,樂天桃猿,1
230,A,樂天桃猿,1
231,A,樂天桃猿,2
232,A,樂天桃猿,1
233,A,樂天桃猿,1
234,A,樂天桃猿,1
235,A,樂天桃猿,1
236,A,樂天桃猿,1
237,A,樂天桃猿,1
238,A,樂天桃猿,1
239,A,樂天桃猿,1
240,A,樂天桃猿,1
241,A,樂天桃猿,1
242,A,樂天桃猿,2
243,A,樂天桃猿,2
244,A,樂天桃猿,1
245,A,樂天桃猿,1
246,A,樂天桃猿,1
247,A,樂天桃猿,1
248,A,樂天桃猿,1
249,A,樂天桃猿,1
250,A,樂天桃猿,1
251,A,樂天桃猿,3
252,A,樂天桃猿,3
253,A,樂天桃猿,3
254,A,樂天桃猿,3
255,A,樂天桃猿,3
256,A,樂天桃猿,3
257,A,樂天桃猿,2
258,A,樂天桃猿,3
259,A,樂天桃猿,3
260,A,樂天桃猿,2
261,A,樂天桃猿,1
262,A,樂天桃猿,3
263,A,樂天桃猿,3
264,A,樂天桃猿,3
265,A,樂天桃猿,3
266,A,樂天桃猿,2
267,A,樂天桃猿,2
268,A,樂天桃猿,2
269,A,樂天桃猿,3
270,A,樂天桃猿,3
271,A,樂天桃猿,2
272,A,樂天桃猿,3
273,A,樂天桃猿,3
274,A,樂天桃猿,3
275,A,樂天桃猿,2
276,A,樂天桃猿,1
277,A,樂天桃猿,3
278,A,樂天桃猿,2
279,A,樂天桃猿,1
280,A,樂天桃猿,3
281,A,樂天桃猿,3
282,A,樂天桃猿,3
283,A,樂天桃猿,3
284,A,樂天桃猿,3
285,A,樂天桃猿,3
286,A,樂天桃猿,3
287,A,樂天桃猿,3
288,A,樂天桃猿,2
289,A,樂天桃猿,2
290,A,樂天桃猿,3
291,A,樂天桃猿,3
292,A,樂天桃猿,3
293,A,樂天桃猿,3
294,A,樂天桃猿,3
295,A,樂天桃猿,3
296,A,樂天桃猿,3
297,A,樂天桃猿,3
298,A,樂天桃猿,3
299,A,樂天桃猿,3
300,A,樂天桃猿,3
1,F,統一獅,0
2,F,統一獅,0
3,F,統一獅,0
4,F,統一獅,4
5,F,統一獅,5
6,F,統一獅,3
7,F,統一獅,2
8,F,統一獅,2
9,F,統一獅,2
10,F,統一獅,2
11,F,統一獅,2
12,F,統一獅,2
13,F,統一獅,2
14,F,統一獅,2
15,F,統一獅,1
16,F,統一獅,1
17,F,統一獅,1
18,F,統一獅,2
19,F,統一獅,2
20,F,統一獅,2
21,F,統一獅,2
22,F,統一獅,2
23,F,統一獅,2
24,F,統一獅,4
25,F,統一獅,4
26,F,統一獅,5
27,F,統一獅,2
28,F,統一獅,2
29,F,統一獅,3
30,F,統一獅,3
31,F,統一獅,2
32,F,統一獅,2
33,F,統一獅,2
34,F,統一獅,1
35,F,統一獅,1
36,F,統一獅,1
37,F,統一獅,1
38,F,統一獅,1
39,F,統一獅,1
40,F,統一獅,1
41,F,統一獅,2
42,F,統一獅,1
43,F,統一獅,2
44,F,統一獅,3
45,F,統一獅,3
46,F,統一獅,3
47,F,統一獅,3
48,F,統一獅,2
49,F,統一獅,2
50,F,統一獅,2
51,F,統一獅,2
52,F,統一獅,1
53,F,統一獅,2
54,F,統一獅,2
55,F,統一獅,2
56,F,統一獅,2
57,F,統一獅,2
58,F,統一獅,2
59,F,統一獅,2
60,F,統一獅,1
61,F,統一獅,1
62,F,統一獅,1
63,F,統一獅,1
64,F,統一獅,1
65,F,統一獅,1
66,F,統一獅,1
67,F,統一獅,1
68,F,統一獅,1
69,F,統一獅,1
70,F,統一獅,1
71,F,統一獅,1
72,F,統一獅,2
73,F,統一獅,2
74,F,統一獅,1
75,F,統一獅,2
76,F,統一獅,2
77,F,統一獅,2
78,F,統一獅,2
79,F,統一獅,2
80,F,統一獅,2
81,F,統一獅,2
82,F,統一獅,2
83,F,統一獅,2
84,F,統一獅,2
85,F,統一獅,2
86,F,統一獅,2
87,F,統一獅,2
88,F,統一獅,2
89,F,統一獅,1
90,F,統一獅,1
91,F,統一獅,1
92,F,統一獅,1
93,F,統一獅,1
94,F,統一獅,1
95,F,統一獅,1
96,F,統一獅,1
97,F,統一獅,1
98,F,統一獅,1
99,F,統一獅,1
100,F,統一獅,1
101,F,統一獅,1
102,F,統一獅,1
103,F,統一獅,1
104,F,統一獅,1
105,F,統一獅,1
106,F,統一獅,1
107,F,統一獅,1
108,F,統一獅,1
109,F,統一獅,1
110,F,統一獅,1
111,F,統一獅,1
112,F,統一獅,1
113,F,統一獅,1
114,F,統一獅,1
115,F,統一獅,1
116,F,統一獅,1
117,F,統一獅,1
118,F,統一獅,1
119,F,統一獅,1
120,F,統一獅,1
121,F,統一獅,1
122,F,統一獅,1
123,F,統一獅,1
124,F,統一獅,1
125,F,統一獅,1
126,F,統一獅,1
127,F,統一獅,1
128,F,統一獅,1
129,F,統一獅,1
130,F,統一獅,1
131,F,統一獅,1
132,F,統一獅,1
133,F,統一獅,1
134,F,統一獅,1
135,F,統一獅,1
136,F,統一獅,1
137,F,統一獅,1
138,F,統一獅,1
139,F,統一獅,1
140,F,統一獅,1
141,F,統一獅,1
142,F,統一獅,1
143,F,統一獅,1
144,F,統一獅,1
145,F,統一獅,1
146,F,統一獅,1
147,F,統一獅,1
148,F,統一獅,1
149,F,統一獅,1
150,F,統一獅,1
151,S,統一獅,0
152,S,統一獅,1
153,S,統一獅,1
154,S,統一獅,2
155,S,統一獅,2
156,S,統一獅,2
157,S,統一獅,2
158,S,統一獅,2
159,S,統一獅,2
160,S,統一獅,2
161,S,統一獅,2
162,S,統一獅,2
163,S,統一獅,1
164,S,統一獅,3
165,S,統一獅,3
166,S,統一獅,4
167,S,統一獅,4
168,S,統一獅,3
169,S,統一獅,3
170,S,統一獅,2
171,S,統一獅,2
172,S,統一獅,2
173,S,統一獅,2
174,S,統一獅,2
175,S,統一獅,2
176,S,統一獅,2
177,S,統一獅,2
178,S,統一獅,2
179,S,統一獅,2
180,S,統一獅,4
181,S,統一獅,4
182,S,統一獅,4
183,S,統一獅,4
184,S,統一獅,5
185,S,統一獅,5
186,S,統一獅,5
187,S,統一獅,5
188,S,統一獅,5
189,S,統一獅,5
190,S,統一獅,4
191,S,統一獅,5
192,S,統一獅,4
193,S,統一獅,4
194,S,統一獅,4
195,S,統一獅,4
196,S,統一獅,5
197,S,統一獅,5
198,S,統一獅,4
199,S,統一獅,4
200,S,統一獅,4
201,S,統一獅,4
202,S,統一獅,4
203,S,統一獅,5
204,S,統一獅,5
205,S,統一獅,5
206,S,統一獅,5
207,S,統一獅,5
208,S,統一獅,5
209,S,統一獅,5
210,S,統一獅,5
211,S,統一獅,5
212,S,統一獅,5
213,S,統一獅,5
214,S,統一獅,5
215,S,統一獅,5
216,S,統一獅,5
217,S,統一獅,5
218,S,統一獅,5
219,S,統一獅,5
220,S,統一獅,5
221,S,統一獅,5
222,S,統一獅,5
223,S,統一獅,5
224,S,統一獅,5
225,S,統一獅,5
226,S,統一獅,5
227,S,統一獅,5
228,S,統一獅,5
229,S,統一獅,5
230,S,統一獅,5
231,S,統一獅,5
232,S,統一獅,5
233,S,統一獅,5
234,S,統一獅,5
235,S,統一獅,5
236,S,統一獅,5
237,S,統一獅,5
238,S,統一獅,5
239,S,統一獅,5
240,S,統一獅,5
241,S,統一獅,5
242,S,統一獅,5
243,S,統一獅,5
244,S,統一獅,5
245,S,統一獅,5
246,S,統一獅,5
247,S,統一獅,5
248,S,統一獅,5
249,S,統一獅,5
250,S,統一獅,5
251,S,統一獅,5
252,S,統一獅,5
253,S,統一獅,5
254,S,統一獅,5
255,S,統一獅,5
256,S,統一獅,5
257,S,統一獅,5
258,S,統一獅,5
259,S,統一獅,5
260,S,統一獅,5
261,S,統一獅,5
262,S,統一獅,5
263,S,統一獅,5
264,S,統一獅,5
265,S,統一獅,5
266,S,統一獅,4
267,S,統一獅,4
268,S,統一獅,4
269,S,統一獅,4
270,S,統一獅,4
271,S,統一獅,5
272,S,統一獅,5
273,S,統一獅,5
274,S,統一獅,5
275,S,統一獅,5
276,S,統一獅,5
277,S,統一獅,5
278,S,統一獅,5
279,S,統一獅,5
280,S,統一獅,5
281,S,統一獅,5
282,S,統一獅,5
283,S,統一獅,5
284,S,統一獅,5
285,S,統一獅,5
286,S,統一獅,4
287,S,統一獅,3
288,S,統一獅,3
289,S,統一獅,3
290,S,統一獅,3
291,S,統一獅,3
292,S,統一獅,3
293,S,統一獅,3
294,S,統一獅,3
295,S,統一獅,3
296,S,統一獅,3
297,S,統一獅,3
298,S,統一獅,3
299,S,統一獅,4
300,S,統一獅,4
1,A,統一獅,0
2,A,統一獅,0
3,A,統一獅,0
4,A,統一獅,4
5,A,統一獅,5
6,A,統一獅,3
7,A,統一獅,2
8,A,統一獅,2
9,A,統一獅,2
10,A,統一獅,2
11,A,統一獅,2
12,A,統一獅,2
13,A,統一獅,2
14,A,統一獅,2
15,A,統一獅,1
16,A,統一獅,1
17,A,統一獅,1
18,A,統一獅,2
19,A,統一獅,2
20,A,統一獅,2
21,A,統一獅,2
22,A,統一獅,2
23,A,統一獅,2
24,A,統一獅,4
25,A,統一獅,4
26,A,統一獅,5
27,A,統一獅,2
28,A,統一獅,2
29,A,統一獅,3
30,A,統一獅,3
31,A,統一獅,2
32,A,統一獅,2
33,A,統一獅,2
34,A,統一獅,1
35,A,統一獅,1
36,A,統一獅,1
37,A,統一獅,1
38,A,統一獅,1
39,A,統一獅,1
40,A,統一獅,1
41,A,統一獅,2
42,A,統一獅,1
43,A,統一獅,2
44,A,統一獅,3
45,A,統一獅,3
46,A,統一獅,3
47,A,統一獅,3
48,A,統一獅,2
49,A,統一獅,2
50,A,統一獅,2
51,A,統一獅,2
52,A,統一獅,1
53,A,統一獅,2
54,A,統一獅,2
55,A,統一獅,2
56,A,統一獅,2
57,A,統一獅,2
58,A,統一獅,2
59,A,統一獅,2
60,A,統一獅,1
61,A,統一獅,1
62,A,統一獅,1
63,A,統一獅,1
64,A,統一獅,1
65,A,統一獅,1
66,A,統一獅,1
67,A,統一獅,1
68,A,統一獅,1
69,A,統一獅,1
70,A,統一獅,1
71,A,統一獅,1
72,A,統一獅,2
73,A,統一獅,2
74,A,統一獅,1
75,A,統一獅,2
76,A,統一獅,2
77,A,統一獅,2
78,A,統一獅,2
79,A,統一獅,2
80,A,統一獅,2
81,A,統一獅,2
82,A,統一獅,2
83,A,統一獅,2
84,A,統一獅,2
85,A,統一獅,2
86,A,統一獅,2
87,A,統一獅,2
88,A,統一獅,2
89,A,統一獅,1
90,A,統一獅,1
91,A,統一獅,1
92,A,統一獅,1
93,A,統一獅,1
94,A,統一獅,1
95,A,統一獅,1
96,A,統一獅,1
97,A,統一獅,1
98,A,統一獅,1
99,A,統一獅,1
100,A,統一獅,1
101,A,統一獅,1
102,A,統一獅,1
103,A,統一獅,1
104,A,統一獅,1
105,A,統一獅,1
106,A,統一獅,1
107,A,統一獅,1
108,A,統一獅,1
109,A,統一獅,1
110,A,統一獅,1
111,A,統一獅,1
112,A,統一獅,1
113,A,統一獅,1
114,A,統一獅,1
115,A,統一獅,1
116,A,統一獅,1
117,A,統一獅,1
118,A,統一獅,1
119,A,統一獅,1
120,A,統一獅,1
121,A,統一獅,1
122,A,統一獅,1
123,A,統一獅,1
124,A,統一獅,1
125,A,統一獅,1
126,A,統一獅,1
127,A,統一獅,1
128,A,統一獅,1
129,A,統一獅,1
130,A,統一獅,1
131,A,統一獅,1
132,A,統一獅,1
133,A,統一獅,1
134,A,統一獅,1
135,A,統一獅,1
136,A,統一獅,1
137,A,統一獅,1
138,A,統一獅,1
139,A,統一獅,1
140,A,統一獅,1
141,A,統一獅,1
142,A,統一獅,1
143,A,統一獅,1
144,A,統一獅,1
145,A,統一獅,1
146,A,統一獅,1
147,A,統一獅,1
148,A,統一獅,1
149,A,統一獅,1
150,A,統一獅,1
151,A,統一獅,1
152,A,統一獅,1
153,A,統一獅,1
154,A,統一獅,1
155,A,統一獅,1
156,A,統一獅,1
157,A,統一獅,1
158,A,統一獅,1
159,A,統一獅,1
160,A,統一獅,1
161,A,統一獅,1
162,A,統一獅,1
163,A,統一獅,1
164,A,統一獅,1
165,A,統一獅,1
166,A,統一獅,1
167,A,統一獅,1
168,A,統一獅,1
169,A,統一獅,1
170,A,統一獅,1
171,A,統一獅,1
172,A,統一獅,1
173,A,統一獅,1
174,A,統一獅,1
175,A,統一獅,1
176,A,統一獅,1
177,A,統一獅,1
178,A,統一獅,1
179,A,統一獅,1
180,A,統一獅,2
181,A,統一獅,1
182,A,統一獅,2
183,A,統一獅,1
184,A,統一獅,1
185,A,統一獅,2
186,A,統一獅,2
187,A,統一獅,1
188,A,統一獅,1
189,A,統一獅,1
190,A,統一獅,1
191,A,統一獅,1
192,A,統一獅,1
193,A,統一獅,1
194,A,統一獅,1
195,A,統一獅,1
196,A,統一獅,1
197,A,統一獅,1
198,A,統一獅,1
199,A,統一獅,1
200,A,統一獅,1
201,A,統一獅,2
202,A,統一獅,2
203,A,統一獅,2
204,A,統一獅,2
205,A,統一獅,2
206,A,統一獅,2
207,A,統一獅,2
208,A,統一獅,2
209,A,統一獅,2
210,A,統一獅,2
211,A,統一獅,2
212,A,統一獅,2
213,A,統一獅,2
214,A,統一獅,2
215,A,統一獅,2
216,A,統一獅,2
217,A,統一獅,2
218,A,統一獅,2
219,A,統一獅,2
220,A,統一獅,2
221,A,統一獅,2
222,A,統一獅,2
223,A,統一獅,2
224,A,統一獅,2
225,A,統一獅,2
226,A,統一獅,2
227,A,統一獅,3
228,A,統一獅,3
229,A,統一獅,1
230,A,統一獅,1
231,A,統一獅,3
232,A,統一獅,3
233,A,統一獅,2
234,A,統一獅,2
235,A,統一獅,2
236,A,統一獅,2
237,A,統一獅,2
238,A,統一獅,2
239,A,統一獅,2
240,A,統一獅,2
241,A,統一獅,3
242,A,統一獅,3
243,A,統一獅,2
244,A,統一獅,1
245,A,統一獅,1
246,A,統一獅,2
247,A,統一獅,2
248,A,統一獅,2
249,A,統一獅,2
250,A,統一獅,1
251,A,統一獅,1
252,A,統一獅,1
253,A,統一獅,1
254,A,統一獅,1
255,A,統一獅,1
256,A,統一獅,1
257,A,統一獅,1
258,A,統一獅,1
259,A,統一獅,1
260,A,統一獅,2
261,A,統一獅,1
262,A,統一獅,1
263,A,統一獅,1
264,A,統一獅,1
265,A,統一獅,1
266,A,統一獅,1
267,A,統一獅,1
268,A,統一獅,1
269,A,統一獅,1
270,A,統一獅,1
271,A,統一獅,1
272,A,統一獅,1
273,A,統一獅,1
274,A,統一獅,1
275,A,統一獅,2
276,A,統一獅,1
277,A,統一獅,1
278,A,統一獅,1
279,A,統一獅,1
280,A,統一獅,1
281,A,統一獅,1
282,A,統一獅,1
283,A,統一獅,1
284,A,統一獅,1
285,A,統一獅,1
286,A,統一獅,1
287,A,統一獅,1
288,A,統一獅,1
289,A,統一獅,1
290,A,統一獅,1
291,A,統一獅,1
292,A,統一獅,1
293,A,統一獅,1
294,A,統一獅,1
295,A,統一獅,1
296,A,統一獅,1
297,A,統一獅,1
298,A,統一獅,2
299,A,統一獅,2
300,A,統一獅,2
1,F,味全龍,0
2,F,味全龍,1
3,F,味全龍,1
4,F,味全龍,1
5,F,味全龍,3
6,F,味全龍,3
7,F,味全龍,2
8,F,味全龍,4
9,F,味全龍,3
10,F,味全龍,3
11,F,味全龍,3
12,F,味全龍,3
13,F,味全龍,3
14,F,味全龍,3
15,F,味全龍,3
16,F,味全龍,3
17,F,味全龍,4
18,F,味全龍,4
19,F,味全龍,3
20,F,味全龍,4
21,F,味全龍,3
22,F,味全龍,4
23,F,味全龍,2
24,F,味全龍,2
25,F,味全龍,2
26,F,味全龍,2
27,F,味全龍,2
28,F,味全龍,2
29,F,味全龍,2
30,F,味全龍,2
31,F,味全龍,2
32,F,味全龍,3
33,F,味全龍,3
34,F,味全龍,3
35,F,味全龍,3
36,F,味全龍,3
37,F,味全龍,2
38,F,味全龍,3
39,F,味全龍,3
40,F,味全龍,3
41,F,味全龍,2
42,F,味全龍,1
43,F,味全龍,1
44,F,味全龍,2
45,F,味全龍,2
46,F,味全龍,2
47,F,味全龍,2
48,F,味全龍,3
49,F,味全龍,3
50,F,味全龍,3
51,F,味全龍,3
52,F,味全龍,3
53,F,味全龍,3
54,F,味全龍,3
55,F,味全龍,3
56,F,味全龍,3
57,F,味全龍,3
58,F,味全龍,3
59,F,味全龍,3
60,F,味全龍,3
61,F,味全龍,3
62,F,味全龍,3
63,F,味全龍,3
64,F,味全龍,3
65,F,味全龍,3
66,F,味全龍,3
67,F,味全龍,2
68,F,味全龍,2
69,F,味全龍,3
70,F,味全龍,3
71,F,味全龍,3
72,F,味全龍,3
73,F,味全龍,3
74,F,味全龍,3
75,F,味全龍,3
76,F,味全龍,3
77,F,味全龍,2
78,F,味全龍,2
79,F,味全龍,3
80,F,味全龍,3
81,F,味全龍,3
82,F,味全龍,3
83,F,味全龍,3
84,F,味全龍,3
85,F,味全龍,3
86,F,味全龍,3
87,F,味全龍,3
88,F,味全龍,3
89,F,味全龍,3
90,F,味全龍,3
91,F,味全龍,3
92,F,味全龍,3
93,F,味全龍,3
94,F,味全龍,3
95,F,味全龍,3
96,F,味全龍,3
97,F,味全龍,3
98,F,味全龍,3
99,F,味全龍,3
100,F,味全龍,3
101,F,味全龍,3
102,F,味全龍,3
103,F,味全龍,2
104,F,味全龍,2
105,F,味全龍,2
106,F,味全龍,2
107,F,味全龍,2
108,F,味全龍,2
109,F,味全龍,2
110,F,味全龍,3
111,F,味全龍,3
112,F,味全龍,2
113,F,味全龍,2
114,F,味全龍,2
115,F,味全龍,2
116,F,味全龍,2
117,F,味全龍,2
118,F,味全龍,2
119,F,味全龍,2
120,F,味全龍,2
121,F,味全龍,2
122,F,味全龍,2
123,F,味全龍,2
124,F,味全龍,2
125,F,味全龍,2
126,F,味全龍,2
127,F,味全龍,2
128,F,味全龍,2
129,F,味全龍,2
130,F,味全龍,2
131,F,味全龍,2
132,F,味全龍,2
133,F,味全龍,2
134,F,味全龍,2
135,F,味全龍,2
136,F,味全龍,2
137,F,味全龍,2
138,F,味全龍,2
139,F,味全龍,2
140,F,味全龍,2
141,F,味全龍,2
142,F,味全龍,2
143,F,味全龍,2
144,F,味全龍,3
145,F,味全龍,3
146,F,味全龍,2
147,F,味全龍,2
148,F,味全龍,2
149,F,味全龍,2
150,F,味全龍,2
151,S,味全龍,0
152,S,味全龍,0
153,S,味全龍,1
154,S,味全龍,1
155,S,味全龍,1
156,S,味全龍,1
157,S,味全龍,1
158,S,味全龍,1
159,S,味全龍,1
160,S,味全龍,1
161,S,味全龍,1
162,S,味全龍,3
163,S,味全龍,1
164,S,味全龍,1
165,S,味全龍,1
166,S,味全龍,1
167,S,味全龍,1
168,S,味全龍,1
169,S,味全龍,1
170,S,味全龍,1
171,S,味全龍,1
172,S,味全龍,1
173,S,味全龍,1
174,S,味全龍,1
175,S,味全龍,1
176,S,味全龍,1
177,S,味全龍,1
178,S,味全龍,1
179,S,味全龍,1
180,S,味全龍,1
181,S,味全龍,1
182,S,味全龍,1
183,S,味全龍,1
184,S,味全龍,1
185,S,味全龍,1
186,S,味全龍,1
187,S,味全龍,1
188,S,味全龍,1
189,S,味全龍,1
190,S,味全龍,1
191,S,味全龍,1
192,S,味全龍,1
193,S,味全龍,2
194,S,味全龍,2
195,S,味全龍,1
196,S,味全龍,1
197,S,味全龍,2
198,S,味全龍,2
199,S,味全龍,1
200,S,味全龍,1
201,S,味全龍,1
202,S,味全龍,1
203,S,味全龍,1
204,S,味全龍,1
205,S,味全龍,1
206,S,味全龍,1
207,S,味全龍,1
208,S,味全龍,1
209,S,味全龍,1
210,S,味全龍,1
211,S,味全龍,1
212,S,味全龍,1
213,S,味全龍,1
214,S,味全龍,1
215,S,味全龍,1
216,S,味全龍,1
217,S,味全龍,1
218,S,味全龍,1
219,S,味全龍,1
220,S,味全龍,1
221,S,味全龍,1
222,S,味全龍,1
223,S,味全龍,1
224,S,味全龍,1
225,S,味全龍,1
226,S,味全龍,1
227,S,味全龍,2
228,S,味全龍,3
229,S,味全龍,3
230,S,味全龍,3
231,S,味全龍,2
232,S,味全龍,2
233,S,味全龍,2
234,S,味全龍,2
235,S,味全龍,2
236,S,味全龍,2
237,S,味全龍,2
238,S,味全龍,4
239,S,味全龍,3
240,S,味全龍,3
241,S,味全龍,3
242,S,味全龍,2
243,S,味全龍,2
244,S,味全龍,3
245,S,味全龍,3
246,S,味全龍,3
247,S,味全龍,3
248,S,味全龍,3
249,S,味全龍,3
250,S,味全龍,2
251,S,味全龍,2
252,S,味全龍,2
253,S,味全龍,1
254,S,味全龍,1
255,S,味全龍,1
256,S,味全龍,1
257,S,味全龍,2
258,S,味全龍,1
259,S,味全龍,1
260,S,味全龍,1
261,S,味全龍,2
262,S,味全龍,1
263,S,味全龍,1
264,S,味全龍,1
265,S,味全龍,1
266,S,味全龍,2
267,S,味全龍,2
268,S,味全龍,2
269,S,味全龍,2
270,S,味全龍,1
271,S,味全龍,2
272,S,味全龍,1
273,S,味全龍,1
274,S,味全龍,1
275,S,味全龍,1
276,S,味全龍,2
277,S,味全龍,1
278,S,味全龍,2
279,S,味全龍,2
280,S,味全龍,1
281,S,味全龍,1
282,S,味全龍,1
283,S,味全龍,1
284,S,味全龍,1
285,S,味全龍,1
286,S,味全龍,1
287,S,味全龍,1
288,S,味全龍,2
289,S,味全龍,2
290,S,味全龍,1
291,S,味全龍,1
292,S,味全龍,1
293,S,味全龍,1
294,S,味全龍,1
295,S,味全龍,1
296,S,味全龍,1
297,S,味全龍,1
298,S,味全龍,1
299,S,味全龍,1
300,S,味全龍,1
1,A,味全龍,0
2,A,味全龍,1
3,A,味全龍,1
4,A,味全龍,1
5,A,味全龍,3
6,A,味全龍,3
7,A,味全龍,2
8,A,味全龍,4
9,A,味全龍,3
10,A,味全龍,3
11,A,味全龍,3
12,A,味全龍,3
13,A,味全龍,3
14,A,味全龍,3
15,A,味全龍,3
16,A,味全龍,3
17,A,味全龍,4
18,A,味全龍,4
19,A,味全龍,3
20,A,味全龍,4
21,A,味全龍,3
22,A,味全龍,4
23,A,味全龍,2
24,A,味全龍,2
25,A,味全龍,2
26,A,味全龍,2
27,A,味全龍,2
28,A,味全龍,2
29,A,味全龍,2
30,A,味全龍,2
31,A,味全龍,2
32,A,味全龍,3
33,A,味全龍,3
34,A,味全龍,3
35,A,味全龍,3
36,A,味全龍,3
37,A,味全龍,2
38,A,味全龍,3
39,A,味全龍,3
40,A,味全龍,3
41,A,味全龍,2
42,A,味全龍,1
43,A,味全龍,1
44,A,味全龍,2
45,A,味全龍,2
46,A,味全龍,2
47,A,味全龍,2
48,A,味全龍,3
49,A,味全龍,3
50,A,味全龍,3
51,A,味全龍,3
52,A,味全龍,3
53,A,味全龍,3
54,A,味全龍,3
55,A,味全龍,3
56,A,味全龍,3
57,A,味全龍,3
58,A,味全龍,3
59,A,味全龍,3
60,A,味全龍,3
61,A,味全龍,3
62,A,味全龍,3
63,A,味全龍,3
64,A,味全龍,3
65,A,味全龍,3
66,A,味全龍,3
67,A,味全龍,2
68,A,味全龍,2
69,A,味全龍,3
70,A,味全龍,3
71,A,味全龍,3
72,A,味全龍,3
73,A,味全龍,3
74,A,味全龍,3
75,A,味全龍,3
76,A,味全龍,3
77,A,味全龍,2
78,A,味全龍,2
79,A,味全龍,3
80,A,味全龍,3
81,A,味全龍,3
82,A,味全龍,3
83,A,味全龍,3
84,A,味全龍,3
85,A,味全龍,3
86,A,味全龍,3
87,A,味全龍,3
88,A,味全龍,3
89,A,味全龍,3
90,A,味全龍,3
91,A,味全龍,3
92,A,味全龍,3
93,A,味全龍,3
94,A,味全龍,3
95,A,味全龍,3
96,A,味全龍,3
97,A,味全龍,3
98,A,味全龍,3
99,A,味全龍,3
100,A,味全龍,3
101,A,味全龍,3
102,A,味全龍,3
103,A,味全龍,2
104,A,味全龍,2
105,A,味全龍,2
106,A,味全龍,2
107,A,味全龍,2
108,A,味全龍,2
109,A,味全龍,2
110,A,味全龍,3
111,A,味全龍,3
112,A,味全龍,2
113,A,味全龍,2
114,A,味全龍,2
115,A,味全龍,2
116,A,味全龍,2
117,A,味全龍,2
118,A,味全龍,2
119,A,味全龍,2
120,A,味全龍,2
121,A,味全龍,2
122,A,味全龍,2
123,A,味全龍,2
124,A,味全龍,2
125,A,味全龍,2
126,A,味全龍,2
127,A,味全龍,2
128,A,味全龍,2
129,A,味全龍,2
130,A,味全龍,2
131,A,味全龍,2
132,A,味全龍,2
133,A,味全龍,2
134,A,味全龍,2
135,A,味全龍,2
136,A,味全龍,2
137,A,味全龍,2
138,A,味全龍,2
139,A,味全龍,2
140,A,味全龍,2
141,A,味全龍,2
142,A,味全龍,2
143,A,味全龍,2
144,A,味全龍,3
145,A,味全龍,3
146,A,味全龍,2
147,A,味全龍,2
148,A,味全龍,2
149,A,味全龍,2
150,A,味全龍,2
151,A,味全龍,2
152,A,味全龍,2
153,A,味全龍,2
154,A,味全龍,2
155,A,味全龍,2
156,A,味全龍,2
157,A,味全龍,2
158,A,味全龍,2
159,A,味全龍,2
160,A,味全龍,2
161,A,味全龍,2
162,A,味全龍,2
163,A,味全龍,2
164,A,味全龍,2
165,A,味全龍,2
166,A,味全龍,2
167,A,味全龍,2
168,A,味全龍,2
169,A,味全龍,2
170,A,味全龍,2
171,A,味全龍,2
172,A,味全龍,2
173,A,味全龍,2
174,A,味全龍,2
175,A,味全龍,2
176,A,味全龍,2
177,A,味全龍,2
178,A,味全龍,2
179,A,味全龍,1
180,A,味全龍,1
181,A,味全龍,1
182,A,味全龍,1
183,A,味全龍,1
184,A,味全龍,1
185,A,味全龍,1
186,A,味全龍,1
187,A,味全龍,1
188,A,味全龍,1
189,A,味全龍,2
190,A,味全龍,2
191,A,味全龍,2
192,A,味全龍,2
193,A,味全龍,2
194,A,味全龍,2
195,A,味全龍,2
196,A,味全龍,1
197,A,味全龍,2
198,A,味全龍,2
199,A,味全龍,2
200,A,味全龍,2
201,A,味全龍,1
202,A,味全龍,1
203,A,味全龍,1
204,A,味全龍,1
205,A,味全龍,1
206,A,味全龍,1
207,A,味全龍,1
208,A,味全龍,1
209,A,味全龍,1
210,A,味全龍,1
211,A,味全龍,1
212,A,味全龍,1
213,A,味全龍,1
214,A,味全龍,1
215,A,味全龍,1
216,A,味全龍,1
217,A,味全龍,1
218,A,味全龍,1
219,A,味全龍,1
220,A,味全龍,1
221,A,味全龍,1
222,A,味全龍,1
223,A,味全龍,1
224,A,味全龍,1
225,A,味全龍,1
226,A,味全龍,1
227,A,味全龍,1
228,A,味全龍,1
229,A,味全龍,1
230,A,味全龍,1
231,A,味全龍,1
232,A,味全龍,1
233,A,味全龍,2
234,A,味全龍,2
235,A,味全龍,2
236,A,味全龍,2
237,A,味全龍,2
238,A,味全龍,2
239,A,味全龍,2
240,A,味全龍,2
241,A,味全龍,2
242,A,味全龍,1
243,A,味全龍,1
244,A,味全龍,1
245,A,味全龍,1
246,A,味全龍,2
247,A,味全龍,2
248,A,味全龍,2
249,A,味全龍,2
250,A,味全龍,3
251,A,味全龍,1
252,A,味全龍,1
253,A,味全龍,1
254,A,味全龍,1
255,A,味全龍,1
256,A,味全龍,2
257,A,味全龍,2
258,A,味全龍,1
259,A,味全龍,1
260,A,味全龍,1
261,A,味全龍,1
262,A,味全龍,2
263,A,味全龍,1
264,A,味全龍,1
265,A,味全龍,2
266,A,味全龍,2
267,A,味全龍,2
268,A,味全龍,2
269,A,味全龍,1
270,A,味全龍,1
271,A,味全龍,2
272,A,味全龍,2
273,A,味全龍,2
274,A,味全龍,1
275,A,味全龍,1
276,A,味全龍,1
277,A,味全龍,2
278,A,味全龍,2
279,A,味全龍,1
280,A,味全龍,2
281,A,味全龍,1
282,A,味全龍,1
283,A,味全龍,1
284,A,味全龍,1
285,A,味全龍,1
286,A,味全龍,2
287,A,味全龍,2
288,A,味全龍,2
289,A,味全龍,2
290,A,味全龍,2
291,A,味全龍,2
292,A,味全龍,2
293,A,味全龍,2
294,A,味全龍,2
295,A,味全龍,2
296,A,味全龍,2
297,A,味全龍,2
298,A,味全龍,1
299,A,味全龍,1
300,A,味全龍,1
1,F,富邦悍將,0
2,F,富邦悍將,0
3,F,富邦悍將,0
4,F,富邦悍將,0
5,F,富邦悍將,1
6,F,富邦悍將,1
7,F,富邦悍將,2
8,F,富邦悍將,3
9,F,富邦悍將,3
10,F,富邦悍將,4
11,F,富邦悍將,4
12,F,富邦悍將,4
13,F,富邦悍將,4
14,F,富邦悍將,5
15,F,富邦悍將,5
16,F,富邦悍將,4
17,F,富邦悍將,3
18,F,富邦悍將,3
19,F,富邦悍將,3
20,F,富邦悍將,4
21,F,富邦悍將,5
22,F,富邦悍將,5
23,F,富邦悍將,5
24,F,富邦悍將,4
25,F,富邦悍將,4
26,F,富邦悍將,3
27,F,富邦悍將,2
28,F,富邦悍將,2
29,F,富邦悍將,4
30,F,富邦悍將,4
31,F,富邦悍將,2
32,F,富邦悍將,3
33,F,富邦悍將,4
34,F,富邦悍將,4
35,F,富邦悍將,4
36,F,富邦悍將,4
37,F,富邦悍將,4
38,F,富邦悍將,4
39,F,富邦悍將,4
40,F,富邦悍將,4
41,F,富邦悍將,4
42,F,富邦悍將,4
43,F,富邦悍將,4
44,F,富邦悍將,4
45,F,富邦悍將,4
46,F,富邦悍將,4
47,F,富邦悍將,4
48,F,富邦悍將,4
49,F,富邦悍將,4
50,F,富邦悍將,4
51,F,富邦悍將,4
52,F,富邦悍將,4
53,F,富邦悍將,4
54,F,富邦悍將,4
55,F,富邦悍將,4
56,F,富邦悍將,4
57,F,富邦悍將,4
58,F,富邦悍將,4
59,F,富邦悍將,4
60,F,富邦悍將,4
61,F,富邦悍將,4
62,F,富邦悍將,4
63,F,富邦悍將,4
64,F,富邦悍將,4
65,F,富邦悍將,4
66,F,富邦悍將,4
67,F,富邦悍將,4
68,F,富邦悍將,4
69,F,富邦悍將,4
70,F,富邦悍將,4
71,F,富邦悍將,4
72,F,富邦悍將,5
73,F,富邦悍將,4
74,F,富邦悍將,4
75,F,富邦悍將,4
76,F,富邦悍將,4
77,F,富邦悍將,4
78,F,富邦悍將,5
79,F,富邦悍將,5
80,F,富邦悍將,5
81,F,富邦悍將,5
82,F,富邦悍將,5
83,F,富邦悍將,5
84,F,富邦悍將,5
85,F,富邦悍將,5
86,F,富邦悍將,5
87,F,富邦悍將,5
88,F,富邦悍將,5
89,F,富邦悍將,5
90,F,富邦悍將,5
91,F,富邦悍將,5
92,F,富邦悍將,5
93,F,富邦悍將,5
94,F,富邦悍將,5
95,F,富邦悍將,5
96,F,富邦悍將,4
97,F,富邦悍將,4
98,F,富邦悍將,4
99,F,富邦悍將,5
100,F,富邦悍將,4
101,F,富邦悍將,4
102,F,富邦悍將,4
103,F,富邦悍將,4
104,F,富邦悍將,4
105,F,富邦悍將,4
106,F,富邦悍將,4
107,F,富邦悍將,4
108,F,富邦悍將,4
109,F,富邦悍將,4
110,F,富邦悍將,4
111,F,富邦悍將,4
112,F,富邦悍將,4
113,F,富邦悍將,4
114,F,富邦悍將,4
115,F,富邦悍將,4
116,F,富邦悍將,4
117,F,富邦悍將,4
118,F,富邦悍將,5
119,F,富邦悍將,5
120,F,富邦悍將,5
121,F,富邦悍將,5
122,F,富邦悍將,5
123,F,富邦悍將,5
124,F,富邦悍將,5
125,F,富邦悍將,5
126,F,富邦悍將,5
127,F,富邦悍將,5
128,F,富邦悍將,5
129,F,富邦悍將,5
130,F,富邦悍將,5
131,F,富邦悍將,5
132,F,富邦悍將,5
133,F,富邦悍將,5
134,F,富邦悍將,5
135,F,富邦悍將,5
136,F,富邦悍將,5
137,F,富邦悍將,5
138,F,富邦悍將,5
139,F,富邦悍將,5
140,F,富邦悍將,5
141,F,富邦悍將,5
142,F,富邦悍將,5
143,F,富邦悍將,5
144,F,富邦悍將,5
145,F,富邦悍將,5
146,F,富邦悍將,5
147,F,富邦悍將,5
148,F,富邦悍將,5
149,F,富邦悍將,5
150,F,富邦悍將,5
151,S,富邦悍將,0
152,S,富邦悍將,3
153,S,富邦悍將,4
154,S,富邦悍將,2
155,S,富邦悍將,2
156,S,富邦悍將,4
157,S,富邦悍將,4
158,S,富邦悍將,3
159,S,富邦悍將,3
160,S,富邦悍將,2
161,S,富邦悍將,2
162,S,富邦悍將,1
163,S,富邦悍將,3
164,S,富邦悍將,2
165,S,富邦悍將,2
166,S,富邦悍將,2
167,S,富邦悍將,2
168,S,富邦悍將,2
169,S,富邦悍將,2
170,S,富邦悍將,2
171,S,富邦悍將,3
172,S,富邦悍將,3
173,S,富邦悍將,2
174,S,富邦悍將,2
175,S,富邦悍將,2
176,S,富邦悍將,3
177,S,富邦悍將,4
178,S,富邦悍將,5
179,S,富邦悍將,5
180,S,富邦悍將,5
181,S,富邦悍將,5
182,S,富邦悍將,4
183,S,富邦悍將,4
184,S,富邦悍將,4
185,S,富邦悍將,4
186,S,富邦悍將,4
187,S,富邦悍將,4
188,S,富邦悍將,3
189,S,富邦悍將,3
190,S,富邦悍將,4
191,S,富邦悍將,4
192,S,富邦悍將,4
193,S,富邦悍將,4
194,S,富邦悍將,5
195,S,富邦悍將,5
196,S,富邦悍將,4
197,S,富邦悍將,4
198,S,富邦悍將,4
199,S,富邦悍將,5
200,S,富邦悍將,5
201,S,富邦悍將,4
202,S,富邦悍將,4
203,S,富邦悍將,4
204,S,富邦悍將,4
205,S,富邦悍將,4
206,S,富邦悍將,4
207,S,富邦悍將,4
208,S,富邦悍將,4
209,S,富邦悍將,4
210,S,富邦悍將,4
211,S,富邦悍將,3
212,S,富邦悍將,3
213,S,富邦悍將,4
214,S,富邦悍將,4
215,S,富邦悍將,4
216,S,富邦悍將,4
217,S,富邦悍將,4
218,S,富邦悍將,3
219,S,富邦悍將,3
220,S,富邦悍將,2
221,S,富邦悍將,2
222,S,富邦悍將,2
223,S,富邦悍將,2
224,S,富邦悍將,3
225,S,富邦悍將,4
226,S,富邦悍將,1
227,S,富邦悍將,2
228,S,富邦悍將,1
229,S,富邦悍將,1
230,S,富邦悍將,2
231,S,富邦悍將,2
232,S,富邦悍將,3
233,S,富邦悍將,2
234,S,富邦悍將,2
235,S,富邦悍將,3
236,S,富邦悍將,4
237,S,富邦悍將,3
238,S,富邦悍將,2
239,S,富邦悍將,2
240,S,富邦悍將,2
241,S,富邦悍將,2
242,S,富邦悍將,2
243,S,富邦悍將,2
244,S,富邦悍將,1
245,S,富邦悍將,1
246,S,富邦悍將,2
247,S,富邦悍將,2
248,S,富邦悍將,2
249,S,富邦悍將,2
250,S,富邦悍將,2
251,S,富邦悍將,3
252,S,富邦悍將,3
253,S,富邦悍將,3
254,S,富邦悍將,3
255,S,富邦悍將,2
256,S,富邦悍將,1
257,S,富邦悍將,2
258,S,富邦悍將,3
259,S,富邦悍將,4
260,S,富邦悍將,4
261,S,富邦悍將,4
262,S,富邦悍將,4
263,S,富邦悍將,4
264,S,富邦悍將,4
265,S,富邦悍將,4
266,S,富邦悍將,4
267,S,富邦悍將,5
268,S,富邦悍將,5
269,S,富邦悍將,5
270,S,富邦悍將,4
271,S,富邦悍將,4
272,S,富邦悍將,4
273,S,富邦悍將,4
274,S,富邦悍將,4
275,S,富邦悍將,4
276,S,富邦悍將,4
277,S,富邦悍將,4
278,S,富邦悍將,4
279,S,富邦悍將,3
280,S,富邦悍將,3
281,S,富邦悍將,4
282,S,富邦悍將,4
283,S,富邦悍將,3
284,S,富邦悍將,3
285,S,富邦悍將,3
286,S,富邦悍將,4
287,S,富邦悍將,4
288,S,富邦悍將,4
289,S,富邦悍將,4
290,S,富邦悍將,4
291,S,富邦悍將,4
292,S,富邦悍將,4
293,S,富邦悍將,4
294,S,富邦悍將,4
295,S,富邦悍將,4
296,S,富邦悍將,4
297,S,富邦悍將,5
298,S,富邦悍將,5
299,S,富邦悍將,4
300,S,富邦悍將,5
1,A,富邦悍將,0
2,A,富邦悍將,0
3,A,富邦悍將,0
4,A,富邦悍將,0
5,A,富邦悍將,1
6,A,富邦悍將,1
7,A,富邦悍將,2
8,A,富邦悍將,3
9,A,富邦悍將,3
10,A,富邦悍將,4
11,A,富邦悍將,4
12,A,富邦悍將,4
13,A,富邦悍將,4
14,A,富邦悍將,5
15,A,富邦悍將,5
16,A,富邦悍將,4
17,A,富邦悍將,3
18,A,富邦悍將,3
19,A,富邦悍將,3
20,A,富邦悍將,4
21,A,富邦悍將,5
22,A,富邦悍將,5
23,A,富邦悍將,5
24,A,富邦悍將,4
25,A,富邦悍將,4
26,A,富邦悍將,3
27,A,富邦悍將,2
28,A,富邦悍將,2
29,A,富邦悍將,4
30,A,富邦悍將,4
31,A,富邦悍將,2
32,A,富邦悍將,3
33,A,富邦悍將,4
34,A,富邦悍將,4
35,A,富邦悍將,4
36,A,富邦悍將,4
37,A,富邦悍將,4
38,A,富邦悍將,4
39,A,富邦悍將,4
40,A,富邦悍將,4
41,A,富邦悍將,4
42,A,富邦悍將,4
43,A,富邦悍將,4
44,A,富邦悍將,4
45,A,富邦悍將,4
46,A,富邦悍將,4
47,A,富邦悍將,4
48,A,富邦悍將,4
49,A,富邦悍將,4
50,A,富邦悍將,4
51,A,富邦悍將,4
52,A,富邦悍將,4
53,A,富邦悍將,4
54,A,富邦悍將,4
55,A,富邦悍將,4
56,A,富邦悍將,4
57,A,富邦悍將,4
58,A,富邦悍將,4
59,A,富邦悍將,4
60,A,富邦悍將,4
61,A,富邦悍將,4
62,A,富邦悍將,4
63,A,富邦悍將,4
64,A,富邦悍將,4
65,A,富邦悍將,4
66,A,富邦悍將,4
67,A,富邦悍將,4
68,A,富邦悍將,4
69,A,富邦悍將,4
70,A,富邦悍將,4
71,A,富邦悍將,4
72,A,富邦悍將,5
73,A,富邦悍將,4
74,A,富邦悍將,4
75,A,富邦悍將,4
76,A,富邦悍將,4
77,A,富邦悍將,4
78,A,富邦悍將,5
79,A,富邦悍將,5
80,A,富邦悍將,5
81,A,富邦悍將,5
82,A,富邦悍將,5
83,A,富邦悍將,5
84,A,富邦悍將,5
85,A,富邦悍將,5
86,A,富邦悍將,5
87,A,富邦悍將,5
88,A,富邦悍將,5
89,A,富邦悍將,5
90,A,富邦悍將,5
91,A,富邦悍將,5
92,A,富邦悍將,5
93,A,富邦悍將,5
94,A,富邦悍將,5
95,A,富邦悍將,5
96,A,富邦悍將,4
97,A,富邦悍將,4
98,A,富邦悍將,4
99,A,富邦悍將,5
100,A,富邦悍將,4
101,A,富邦悍將,4
102,A,富邦悍將,4
103,A,富邦悍將,4
104,A,富邦悍將,4
105,A,富邦悍將,4
106,A,富邦悍將,4
107,A,富邦悍將,4
108,A,富邦悍將,4
109,A,富邦悍將,4
110,A,富邦悍將,4
111,A,富邦悍將,4
112,A,富邦悍將,4
113,A,富邦悍將,4
114,A,富邦悍將,4
115,A,富邦悍將,4
116,A,富邦悍將,4
117,A,富邦悍將,4
118,A,富邦悍將,5
119,A,富邦悍將,5
120,A,富邦悍將,5
121,A,富邦悍將,5
122,A,富邦悍將,5
123,A,富邦悍將,5
124,A,富邦悍將,5
125,A,富邦悍將,5
126,A,富邦悍將,5
127,A,富邦悍將,5
128,A,富邦悍將,5
129,A,富邦悍將,5
130,A,富邦悍將,5
131,A,富邦悍將,5
132,A,富邦悍將,5
133,A,富邦悍將,5
134,A,富邦悍將,5
135,A,富邦悍將,5
136,A,富邦悍將,5
137,A,富邦悍將,5
138,A,富邦悍將,5
139,A,富邦悍將,5
140,A,富邦悍將,5
141,A,富邦悍將,5
142,A,富邦悍將,5
143,A,富邦悍將,5
144,A,富邦悍將,5
145,A,富邦悍將,5
146,A,富邦悍將,5
147,A,富邦悍將,5
148,A,富邦悍將,5
149,A,富邦悍將,5
150,A,富邦悍將,5
151,A,富邦悍將,5
152,A,富邦悍將,5
153,A,富邦悍將,5
154,A,富邦悍將,5
155,A,富邦悍將,5
156,A,富邦悍將,5
157,A,富邦悍將,5
158,A,富邦悍將,5
159,A,富邦悍將,5
160,A,富邦悍將,5
161,A,富邦悍將,5
162,A,富邦悍將,5
163,A,富邦悍將,5
164,A,富邦悍將,5
165,A,富邦悍將,5
166,A,富邦悍將,5
167,A,富邦悍將,5
168,A,富邦悍將,5
169,A,富邦悍將,5
170,A,富邦悍將,5
171,A,富邦悍將,5
172,A,富邦悍將,5
173,A,富邦悍將,5
174,A,富邦悍將,5
175,A,富邦悍將,5
176,A,富邦悍將,5
177,A,富邦悍將,5
178,A,富邦悍將,5
179,A,富邦悍將,5
180,A,富邦悍將,5
181,A,富邦悍將,5
182,A,富邦悍將,5
183,A,富邦悍將,5
184,A,富邦悍將,5
185,A,富邦悍將,5
186,A,富邦悍將,5
187,A,富邦悍將,5
188,A,富邦悍將,5
189,A,富邦悍將,5
190,A,富邦悍將,5
191,A,富邦悍將,5
192,A,富邦悍將,5
193,A,富邦悍將,5
194,A,富邦悍將,5
195,A,富邦悍將,5
196,A,富邦悍將,5
197,A,富邦悍將,5
198,A,富邦悍將,5
199,A,富邦悍將,5
200,A,富邦悍將,5
201,A,富邦悍將,5
202,A,富邦悍將,5
203,A,富邦悍將,5
204,A,富邦悍將,5
205,A,富邦悍將,5
206,A,富邦悍將,5
207,A,富邦悍將,5
208,A,富邦悍將,5
209,A,富邦悍將,5
210,A,富邦悍將,5
211,A,富邦悍將,5
212,A,富邦悍將,5
213,A,富邦悍將,5
214,A,富邦悍將,5
215,A,富邦悍將,5
216,A,富邦悍將,5
217,A,富邦悍將,5
218,A,富邦悍將,5
219,A,富邦悍將,5
220,A,富邦悍將,5
221,A,富邦悍將,5
222,A,富邦悍將,5
223,A,富邦悍將,5
224,A,富邦悍將,5
225,A,富邦悍將,5
226,A,富邦悍將,5
227,A,富邦悍將,5
228,A,富邦悍將,5
229,A,富邦悍將,5
230,A,富邦悍將,5
231,A,富邦悍將,5
232,A,富邦悍將,5
233,A,富邦悍將,5
234,A,富邦悍將,5
235,A,富邦悍將,5
236,A,富邦悍將,5
237,A,富邦悍將,5
238,A,富邦悍將,5
239,A,富邦悍將,5
240,A,富邦悍將,5
241,A,富邦悍將,5
242,A,富邦悍將,5
243,A,富邦悍將,5
244,A,富邦悍將,5
245,A,富邦悍將,5
246,A,富邦悍將,5
247,A,富邦悍將,5
248,A,富邦悍將,5
249,A,富邦悍將,5
250,A,富邦悍將,5
251,A,富邦悍將,5
252,A,富邦悍將,5
253,A,富邦悍將,5
254,A,富邦悍將,5
255,A,富邦悍將,5
256,A,富邦悍將,5
257,A,富邦悍將,5
258,A,富邦悍將,5
259,A,富邦悍將,5
260,A,富邦悍將,5
261,A,富邦悍將,5
262,A,富邦悍將,5
263,A,富邦悍將,5
264,A,富邦悍將,5
265,A,富邦悍將,5
266,A,富邦悍將,5
267,A,富邦悍將,5
268,A,富邦悍將,5
269,A,富邦悍將,5
270,A,富邦悍將,5
271,A,富邦悍將,5
272,A,富邦悍將,5
273,A,富邦悍將,5
274,A,富邦悍將,5
275,A,富邦悍將,5
276,A,富邦悍將,5
277,A,富邦悍將,5
278,A,富邦悍將,5
279,A,富邦悍將,5
280,A,富邦悍將,5
281,A,富邦悍將,5
282,A,富邦悍將,5
283,A,富邦悍將,5
284,A,富邦悍將,5
285,A,富邦悍將,5
286,A,富邦悍將,5
287,A,富邦悍將,5
288,A,富邦悍將,5
289,A,富邦悍將,5
290,A,富邦悍將,5
291,A,富邦悍將,5
292,A,富邦悍將,5
293,A,富邦悍將,5
294,A,富邦悍將,5
295,A,富邦悍將,5
296,A,富邦悍將,5
297,A,富邦悍將,5
298,A,富邦悍將,5
299,A,富邦悍將,5
300,A,富邦悍將,5
